file1,file2,same_pattern,status
pattern07/qkbn0220.tif,pattern12/szxx0179.tif,0,"{'status': 'out of standard', 'justification': 'The document lacks a clear and consistent layout, with elements such as the date, invoice number, and billing information not aligned or in the correct position.'}"
pattern01/gkdj0179.tif,pattern01/jrxx0179.tif,1,"{'status': 'out of standard', 'justification': 'The document lacks a clear and concise title, making it difficult to understand the purpose and content. The font size and style are inconsistent, with some sections being too small to read. The layout is cluttered, with no clear organization or hierarchy of information. The document also lacks a clear and concise summary or conclusion, making it difficult to understand the main points and findings.'}"
pattern12/rkkh0170.tif,pattern12/sgcj0179.tif,1,"{'status': 'out of standard', 'justification': 'The second document lacks a clear and organized structure, with a poorly formatted layout and missing essential information, such as the title and a clear header, making it difficult to understand the content and purpose of the document.'}"
pattern01/ffcj0179.tif,pattern14/gnyx0222.tif,0,"{'status': 'standard', 'justification': 'The document has a clear and organized structure, with a standard header and footer, and all information is placed in the appropriate sections.'}"
pattern01/gkdj0179.tif,pattern12/ngcj0179.tif,0,"{'status': 'out of standard', 'justification': 'The document has a different font size and style, and the layout and content organization are not consistent with the standard document.'}"
pattern01/xrxx0179.tif,pattern04/flbn0220.tif,0,"{'status': 'nonstandard', 'justification': 'The document lacks a clear and organized layout, with missing elements such as the company name, date, and a clear and concise title. The font size and style are inconsistent, and the content is not well-structured, making it difficult to understand the purpose and intent of the document.'}"
pattern01/ttbj0179.tif,pattern01/xrxx0179.tif,1,"{'status': 'out of standard', 'justification': 'The document has a different layout and content organization compared to the standard document, with a more complex structure and less clear division of sections.'}"
pattern00/hlbn0220.tif,pattern12/jpcj0179.tif,0,"{'status': 'out of standard', 'justification': 'The second document lacks a header, footer, and a clear structure, making it difficult to understand its purpose and content.'}"
pattern12/gfcj0179.tif,pattern12/ngcj0179.tif,1,"{'status': 'out of standard', 'justification': 'The document is missing a header and footer, and the layout and content organization are not consistent with the standard document.'}"
pattern01/jrxx0179.tif,pattern01/zldj0179.tif,1,"{'status': 'out of standard', 'justification': ""The document's content and layout do not match the standard document, with a different format and distribution of content.""}"
pattern12/jpcj0179.tif,pattern12/kpjx0179.tif,1,"{'status': 'out of standard', 'justification': 'The document does not follow the same layout and organization as the standard document.'}"
pattern12/gfcj0179.tif,pattern19/nkbn0220.tif,0,"{'status': 'out of standard', 'justification': ""The second document lacks a clear and consistent structure, with elements such as the 'Bill To' section and 'Total' line item not present. The format is also less organized, with content distributed unevenly across the page.""}"
pattern00/hlbn0220.tif,pattern01/hkdj0179.tif,0,"{'status': 'out of standard', 'justification': 'The second document has a different format and layout from the first document, with a different font, margins, and line spacing. The content is also not organized in the same way, with some information missing or in a different order.'}"
pattern12/jpcj0179.tif,pattern12/lrjx0179.tif,1,"{'status': 'standard', 'justification': 'The document has a clear and organized structure, with all necessary information presented in a logical and easy-to-follow manner. The font size and style are consistent throughout, making it easy to read and understand. The layout is well-organized, with clear headings and concise paragraphs. The use of white space is effective in making the document easy to read and navigate. The document follows a standard format, with all necessary information included and presented in a clear and concise manner.'}"
pattern01/gkdj0179.tif,pattern12/phhx0179.tif,0,"{'status': 'out of standard', 'justification': 'The document does not conform to the standard set by the first in terms of global layout and content organization.'}"
pattern12/krxx0179.tif,pattern12/tkdj0179.tif,1,"{'status': 'out of standard', 'justification': 'The document has a different layout and formatting compared to the standard document, with a less organized and less formal structure, and the content is not distributed evenly across the page.'}"
pattern01/gkdj0179.tif,pattern20/gqhw0217.tif,0,"{'status': 'out of standard', 'justification': 'The second document lacks a clear and concise header, making it difficult to determine the purpose and context of the document. Additionally, the layout is cluttered and disorganized, with information scattered throughout the page rather than being neatly organized and formatted. The font size and style are inconsistent, making it hard to read and understand the content. Furthermore, the document lacks a clear and concise summary or conclusion, making it difficult to determine the main points and key findings. Overall, the second document does not conform to the standard set by the first document in terms of global layout and content organization.'}"
pattern12/kzcj0179.tif,pattern12/mgcj0179.tif,1,"{'status': 'out of standard', 'justification': 'The second document lacks a clear and concise title, a standard font, and a standard date format, making it difficult to understand the purpose and content of the document. The layout and formatting are also not consistent with the standard document, making it harder to read and navigate.'}"
pattern12/jpcj0179.tif,pattern12/xzcj0179.tif,1,"{'status': 'Out of standard', 'justification': 'The document lacks a clear header and footer, and the font size and style are inconsistent throughout, making it difficult to read and understand.'}"
pattern01/rldj0179.tif,pattern12/zyjx0179.tif,0,"{'status': 'out of standard', 'justification': 'The document lacks a clear and consistent header and footer, which are essential elements in a standard document. Additionally, the font size and style are inconsistent throughout, making it difficult to read and understand the content.'}"
